<?xml version="1.0" encoding="UTF-8"?>
<PeakList>
  <PeakList1D>
    <PeakList1DHeader creator="nmrsu" date="2018-07-11T08:28:45.485+02:00" expNo="1" name="W_FAO06767_17P_20180710" owner="" procNo="1" source="C:/Bruker/TopSpin3.5pl2/data/Speise�l">
      <PeakPickDetails>F1=0.048954ppm, F2=-0.039388ppm, MI=0.00cm, MAXI=10000.00cm, PC=1.000
      </PeakPickDetails>
    </PeakList1DHeader>
    <Peak1D F1="0.008067" intensity="1.090700e-001" type="0"/>
    <Peak1D F1="-0.000073" intensity="3.382199e+000" type="0"/>
    <Peak1D F1="-0.008334" intensity="1.221904e-001" type="0"/>
  </PeakList1D>
</PeakList>
