<?xml version="1.0" encoding="UTF-8"?>
<PeakList>
  <PeakList1D>
    <PeakList1DHeader creator="nmrsu" date="2018-07-11T08:30:06.374+02:00" expNo="1" name="W_FAO06989_18P_20180710" owner="" procNo="1" source="C:/Bruker/TopSpin3.5pl2/data/Speise�l">
      <PeakPickDetails>F1=0.048954ppm, F2=-0.039388ppm, MI=0.00cm, MAXI=10000.00cm, PC=1.000
      </PeakPickDetails>
    </PeakList1DHeader>
    <Peak1D F1="0.024617" intensity="5.767810e-003" type="0"/>
    <Peak1D F1="0.008026" intensity="6.962697e-002" type="0"/>
    <Peak1D F1="-0.000078" intensity="2.318166e+000" type="0"/>
    <Peak1D F1="-0.008278" intensity="9.670306e-002" type="0"/>
  </PeakList1D>
</PeakList>
