<?xml version="1.0" encoding="UTF-8"?>
<PeakList>
  <PeakList1D>
    <PeakList1DHeader creator="nmrsu" date="2018-07-11T08:20:18.653+02:00" expNo="1" name="W_FAO06724_17P_20180710" owner="" procNo="1" source="C:/Bruker/TopSpin3.5pl2/data/Speise�l">
      <PeakPickDetails>F1=0.149089ppm, F2=-0.650768ppm, MI=0.00cm, MAXI=10000.00cm, PC=1.000
      </PeakPickDetails>
    </PeakList1DHeader>
    <Peak1D F1="0.145897" intensity="1.264828e-002" type="0"/>
    <Peak1D F1="0.080873" intensity="4.071094e-002" type="0"/>
    <Peak1D F1="0.077076" intensity="5.588152e-002" type="0"/>
    <Peak1D F1="0.074101" intensity="5.360255e-002" type="0"/>
    <Peak1D F1="0.054901" intensity="3.035847e-003" type="0"/>
    <Peak1D F1="0.008063" intensity="9.705725e-002" type="0"/>
    <Peak1D F1="-0.000081" intensity="3.147669e+000" type="0"/>
    <Peak1D F1="-0.008306" intensity="1.208003e-001" type="0"/>
    <Peak1D F1="-0.113425" intensity="2.124685e-003" type="0"/>
    <Peak1D F1="-0.149338" intensity="1.342237e-002" type="0"/>
    <Peak1D F1="-0.328189" intensity="4.689230e-003" type="0"/>
    <Peak1D F1="-0.341840" intensity="4.728156e-003" type="0"/>
    <Peak1D F1="-0.556878" intensity="2.633694e-003" type="0"/>
    <Peak1D F1="-0.575209" intensity="2.731847e-003" type="0"/>
  </PeakList1D>
</PeakList>
