<?xml version="1.0" encoding="UTF-8"?>
<PeakList>
  <PeakList1D>
    <PeakList1DHeader creator="nmrsu" date="2018-07-11T08:28:56.856+02:00" expNo="1" name="W_FAO06768_17P_20180710" owner="" procNo="1" source="C:/Bruker/TopSpin3.5pl2/data/Speise�l">
      <PeakPickDetails>F1=0.048954ppm, F2=-0.039388ppm, MI=0.00cm, MAXI=10000.00cm, PC=1.000
      </PeakPickDetails>
    </PeakList1DHeader>
    <Peak1D F1="0.008073" intensity="1.057915e-001" type="0"/>
    <Peak1D F1="-0.000080" intensity="3.474178e+000" type="0"/>
    <Peak1D F1="-0.008320" intensity="1.258662e-001" type="0"/>
  </PeakList1D>
</PeakList>
