<?xml version="1.0" encoding="UTF-8"?>
<PeakList>
  <PeakList1D>
    <PeakList1DHeader creator="nmrsu" date="2018-07-11T08:26:49.217+02:00" expNo="1" name="W_FAO06748_17P_20180710" owner="" procNo="1" source="C:/Bruker/TopSpin3.5pl2/data/Speise�l">
      <PeakPickDetails>F1=0.282302ppm, F2=-0.454821ppm, MI=0.00cm, MAXI=10000.00cm, PC=1.000
      </PeakPickDetails>
    </PeakList1DHeader>
    <Peak1D F1="0.262365" intensity="2.753258e-003" type="0"/>
    <Peak1D F1="0.222070" intensity="1.351519e-002" type="0"/>
    <Peak1D F1="0.212514" intensity="1.404736e-002" type="0"/>
    <Peak1D F1="0.197180" intensity="1.137827e-002" type="0"/>
    <Peak1D F1="0.189392" intensity="9.420028e-003" type="0"/>
    <Peak1D F1="0.176337" intensity="8.137614e-003" type="0"/>
    <Peak1D F1="0.167266" intensity="5.256378e-003" type="0"/>
    <Peak1D F1="0.145974" intensity="1.518059e-002" type="0"/>
    <Peak1D F1="0.123028" intensity="2.454875e-003" type="0"/>
    <Peak1D F1="0.110689" intensity="3.693172e-003" type="0"/>
    <Peak1D F1="0.095801" intensity="5.312878e-003" type="0"/>
    <Peak1D F1="0.081005" intensity="5.546781e-002" type="0"/>
    <Peak1D F1="0.077341" intensity="8.069380e-002" type="0"/>
    <Peak1D F1="0.031157" intensity="3.675675e-003" type="0"/>
    <Peak1D F1="0.008060" intensity="1.206028e-001" type="0"/>
    <Peak1D F1="-0.000079" intensity="3.849181e+000" type="0"/>
    <Peak1D F1="-0.008336" intensity="1.417505e-001" type="0"/>
    <Peak1D F1="-0.149416" intensity="1.469899e-002" type="0"/>
    <Peak1D F1="-0.213462" intensity="5.773779e-003" type="0"/>
    <Peak1D F1="-0.223647" intensity="6.860975e-003" type="0"/>
    <Peak1D F1="-0.236130" intensity="4.909089e-003" type="0"/>
    <Peak1D F1="-0.389722" intensity="2.319375e-003" type="0"/>
    <Peak1D F1="-0.404286" intensity="2.305177e-003" type="0"/>
  </PeakList1D>
</PeakList>
