<?xml version="1.0" encoding="UTF-8"?>
<PeakList>
  <PeakList1D>
    <PeakList1DHeader creator="nmrsu" date="2018-07-11T08:26:07.549+02:00" expNo="1" name="W_FAO06725_17P_20180710" owner="" procNo="1" source="C:/Bruker/TopSpin3.5pl2/data/Speise�l">
      <PeakPickDetails>F1=0.282302ppm, F2=-0.454821ppm, MI=0.00cm, MAXI=10000.00cm, PC=1.000
      </PeakPickDetails>
    </PeakList1DHeader>
    <Peak1D F1="0.222279" intensity="5.280397e-003" type="0"/>
    <Peak1D F1="0.211065" intensity="6.292495e-003" type="0"/>
    <Peak1D F1="0.202577" intensity="5.528088e-003" type="0"/>
    <Peak1D F1="0.146018" intensity="1.241354e-002" type="0"/>
    <Peak1D F1="0.107674" intensity="2.426153e-003" type="0"/>
    <Peak1D F1="0.080865" intensity="4.025158e-002" type="0"/>
    <Peak1D F1="0.076968" intensity="5.623277e-002" type="0"/>
    <Peak1D F1="0.071031" intensity="6.671500e-002" type="0"/>
    <Peak1D F1="0.028118" intensity="3.430960e-003" type="0"/>
    <Peak1D F1="0.008050" intensity="1.053442e-001" type="0"/>
    <Peak1D F1="-0.000083" intensity="3.462081e+000" type="0"/>
    <Peak1D F1="-0.008362" intensity="1.290541e-001" type="0"/>
    <Peak1D F1="-0.149446" intensity="1.327908e-002" type="0"/>
    <Peak1D F1="-0.198948" intensity="2.522670e-003" type="0"/>
    <Peak1D F1="-0.210769" intensity="2.575680e-003" type="0"/>
    <Peak1D F1="-0.223696" intensity="3.263302e-003" type="0"/>
    <Peak1D F1="-0.234955" intensity="3.155069e-003" type="0"/>
    <Peak1D F1="-0.329182" intensity="4.420647e-003" type="0"/>
    <Peak1D F1="-0.409584" intensity="2.355939e-003" type="0"/>
  </PeakList1D>
</PeakList>
