<?xml version="1.0" encoding="UTF-8"?>
<PeakList>
  <PeakList1D>
    <PeakList1DHeader creator="nmrsu" date="2018-07-11T08:26:37.216+02:00" expNo="1" name="W_FAO06746_17P_20180710" owner="" procNo="1" source="C:/Bruker/TopSpin3.5pl2/data/Speise�l">
      <PeakPickDetails>F1=0.282302ppm, F2=-0.454821ppm, MI=0.00cm, MAXI=10000.00cm, PC=1.000
      </PeakPickDetails>
    </PeakList1DHeader>
    <Peak1D F1="0.218329" intensity="2.329861e-003" type="0"/>
    <Peak1D F1="0.146098" intensity="1.170334e-002" type="0"/>
    <Peak1D F1="0.108479" intensity="2.864574e-003" type="0"/>
    <Peak1D F1="0.081009" intensity="4.296708e-002" type="0"/>
    <Peak1D F1="0.077194" intensity="6.563415e-002" type="0"/>
    <Peak1D F1="0.074510" intensity="5.083485e-002" type="0"/>
    <Peak1D F1="0.008080" intensity="1.103795e-001" type="0"/>
    <Peak1D F1="-0.000079" intensity="3.707050e+000" type="0"/>
    <Peak1D F1="-0.008353" intensity="1.304321e-001" type="0"/>
    <Peak1D F1="-0.149311" intensity="1.267971e-002" type="0"/>
    <Peak1D F1="-0.246419" intensity="2.092343e-003" type="0"/>
    <Peak1D F1="-0.282681" intensity="2.281348e-003" type="0"/>
    <Peak1D F1="-0.309278" intensity="2.048487e-003" type="0"/>
    <Peak1D F1="-0.389070" intensity="2.316450e-003" type="0"/>
    <Peak1D F1="-0.435521" intensity="2.301134e-003" type="0"/>
  </PeakList1D>
</PeakList>
