<?xml version="1.0" encoding="UTF-8"?>
<PeakList>
  <PeakList1D>
    <PeakList1DHeader creator="nmrsu" date="2018-07-11T08:49:50.199+02:00" expNo="1" name="W_FAO06758_17P_20180710_A" owner="" procNo="1" source="C:/Bruker/TopSpin3.5pl2/data/Speise�l">
      <PeakPickDetails>F1=0.036419ppm, F2=-0.053694ppm, MI=0.00cm, MAXI=10000.00cm, PC=1.000
      </PeakPickDetails>
    </PeakList1DHeader>
    <Peak1D F1="0.008056" intensity="1.031908e-001" type="0"/>
    <Peak1D F1="-0.000075" intensity="3.225437e+000" type="0"/>
    <Peak1D F1="-0.008267" intensity="1.382405e-001" type="0"/>
  </PeakList1D>
</PeakList>
