<?xml version="1.0" encoding="UTF-8"?>
<PeakList>
  <PeakList1D>
    <PeakList1DHeader creator="nmrsu" date="2018-07-11T08:26:22.780+02:00" expNo="1" name="W_FAO06745_17P_20180710" owner="" procNo="1" source="C:/Bruker/TopSpin3.5pl2/data/Speise�l">
      <PeakPickDetails>F1=0.282302ppm, F2=-0.454821ppm, MI=0.00cm, MAXI=10000.00cm, PC=1.000
      </PeakPickDetails>
    </PeakList1DHeader>
    <Peak1D F1="0.218848" intensity="2.330845e-003" type="0"/>
    <Peak1D F1="0.145837" intensity="1.207609e-002" type="0"/>
    <Peak1D F1="0.080964" intensity="3.842672e-002" type="0"/>
    <Peak1D F1="0.077185" intensity="5.929721e-002" type="0"/>
    <Peak1D F1="0.008026" intensity="1.020968e-001" type="0"/>
    <Peak1D F1="-0.000077" intensity="3.008478e+000" type="0"/>
    <Peak1D F1="-0.008309" intensity="1.115436e-001" type="0"/>
    <Peak1D F1="-0.149248" intensity="1.208344e-002" type="0"/>
    <Peak1D F1="-0.260972" intensity="2.185298e-003" type="0"/>
    <Peak1D F1="-0.348687" intensity="2.954485e-003" type="0"/>
    <Peak1D F1="-0.410043" intensity="2.611586e-003" type="0"/>
  </PeakList1D>
</PeakList>
